,id,name
0,10,Star Wars Collection
1,84,Indiana Jones Collection
2,119,The Lord of the Rings Collection
3,131,Three Colors Collection
4,151,Star Trek: The Original Series Collection
5,230,The Godfather Collection
6,263,The Dark Knight Collection
7,264,Back to the Future Collection
8,295,Pirates of the Caribbean Collection
9,304,Ocean's Collection
10,328,Jurassic Park Collection
11,399,Predator Collection
12,420,The Chronicles of Narnia Collection
13,432,Cube Collection
14,456,Sissi Collection
15,495,Shaft Collection
16,498,Heart of Gold Collection
17,528,The Terminator Collection
18,529,Wallace & Gromit Collection
19,556,Spider-Man Collection
20,645,James Bond Collection
21,656,Saw Collection
22,735,Blade Collection
23,748,X-Men Collection
24,937,The Pink Panther (Original) Collection
25,945,Lethal Weapon Collection
26,1006,Austin Powers Collection
27,1241,Harry Potter Collection
28,1565,28 Days/Weeks Later Collection
29,1570,Die Hard Collection
30,1575,Rocky Collection
31,1582,Teenage Mutant Ninja Turtles (Original) Collection
32,1617,Erkan & Stefan Filmreihe
33,1657,Zorro Collection
34,1709,Planet of the Apes Original Collection
35,1733,The Mummy Collection
36,1960,Evil Dead Collection
37,1972,Ju-on Collection
38,1974,The Grudge Collection
39,2150,Shrek Collection
40,2248,Torrente Collection
41,2326,Underworld Collection
42,2344,The Matrix Collection
43,2366,The Jaws Collection
44,2396,Asterix and Obelix Collection
45,2467,Tomb Raider Collection
46,2602,Scream Collection
47,2643,Aces Go Places Collection
48,2704,The Bible Collection
49,2794,The Chronicles of Riddick Collection
50,2806,American Pie Collection
51,2883,Kill Bill Collection
52,2980,Ghostbusters Collection
53,3106,World of Watches Collection
54,3167,Ace Ventura Collection
55,3169,Dr. Dolittle Collection
56,3601,I Know What You Did Last Summer Collection
57,3963,The Crimson Rivers Collection
58,4246,Scary Movie Collection
59,4438,The Space Odyssey Series
60,4563,The Vengeance Collection
61,5039,Rambo Collection
62,5547,RoboCop Collection
63,7505,Elements Trilogy
64,8050,Highlander Collection
65,8091,Alien Collection
66,8354,Ice Age Collection
67,8537,Superman Collection
68,8580,The Karate Kid Collection
69,8581,A Nightmare on Elm Street Collection
70,8650,Transformers Collection
71,8864,Final Destination Collection
72,8917,Hellraiser Collection
73,8918,The Hills Have Eyes (Reboot) Collection
74,8936,Bridget Jones Collection
75,8945,Mad Max Collection
76,8979,Wayne's World Collection
77,9046,A Chinese Ghost Story Collection
78,9088,The Little Polar Bear Collection
79,9309,Winnetou Collection
80,9328,Free Willy Collection
81,9329,Young Guns Collection
82,9332,Crocodile Dundee Collection
83,9338,Police Academy Collection
84,9435,Babe Collection
85,9436,The Crow Collection
86,9485,The Fast and the Furious Collection
87,9500,Werner Collection
88,9518,The Transporter Collection
89,9521,Look Who's Talking Collection
90,9649,Mexico Trilogy
91,9735,Friday the 13th Collection
92,9743,The Hannibal Lecter Anthology
93,9744,Fantastic Four Collection
94,9818,Mortal Kombat Collection
95,9887,Species Collection
96,9888,Home Alone Collection
97,10194,Toy Story Collection
98,10441,Babylon 5 Collection
99,10453,Poltergeist Collection
100,10455,Child's Play Collection
101,10456,Dirty Harry Collection
102,10457,Once Upon a Time in China Collection
103,10517,Le Gendarme de St. Tropez Collection
104,10522,Starship Troopers Collection
105,10709,The Mighty Ducks Collection
106,10713,Universal Soldier Collection
107,10721,Mimic Collection
108,10789,Pet Sematary Collection
109,10893,Critters Collection
110,10919,The Omen Collection
111,10924,From Dusk Till Dawn Collection
112,10964,Flatfoot Collection
113,11118,The Olsen Gang Collection
114,11140,Dr. Mabuse Collection
115,11582,Don Camillo Collection
116,11716,Addams Family Collection
117,11794,Ginger Snaps Collection
118,11875,Pippi Longstocking
119,12077,St. Trinian's Collection
120,12087,Herbie Collection
121,12141,3 Men (Original) Collection
122,12203,Drunken Master Collection
123,12263,The Exorcist Collection
124,13800,Futurama Collection
125,14246,Sniper Collection
126,14377,Death Wish Collection
127,14563,The Ring Collection
128,14740,Madagascar Collection
129,14890,Bad Boys Collection
130,16302,Battle Royale Collection
131,17149,20th Century Boys Collection
132,17178,Jackass Collection
133,17235,Hellboy Collection
134,17255,Resident Evil Collection
135,17368,The Sisterhood of the Traveling Pants Collection
136,19160,FernGully Collection
137,19163,The Land Before Time Collection
138,19262,Trapped in the Closet
139,19285,Leprechaun Collection (Original Series)
140,19387,The X-Files Collection
141,20970,Sarkar Collection
142,21624,Golmaal Collection
143,23026,Ghost in the Shell Collection
144,23170,Burnt by the Sun Trilogy
145,23240,The Garden of Sinners
146,23453,Tengen Toppa Gurren Lagann Collection
147,23456,One Piece Collection
148,23497,Bleach (Collection)
149,23616,Naruto Collection
150,24717,Johan Falk GSI Collection
151,24761,The Millennium Collection
152,25410,The Art of War Collection
153,25542,An American Girl Collection
154,26863,Caprinos Eventyrlige Verden
155,30663,Harold & Kumar Collection
156,31562,The Bourne Collection
157,33059,Wild Things Collection
158,33071,Cheech & Chong Collection
159,33085,The Little Mermaid Collection
160,33381,The Whistler collection
161,33514,The Twilight Collection
162,33878,Destricted
163,33938,Airport Collection
164,34055,Pokémon Collection
165,35792,Nanny McPhee Collection
166,36694,Bloodsport Collection
167,37139,Naked Gun Collection
168,37261,The Carry On Collection
169,38451,Charlie Chan (Warner Oland) Collection
170,39199,Detective Conan Collection
171,39244,Digimon Collection
172,39438,Emmanuelle Collection
173,41437,Paranormal Activity Collection
174,41649,The Party Collection
175,41658,Fantozzi Collection
176,43055,Conan the Barbarian Collection
177,43063,Half Past Dead Collection
178,43064,Speed Collection
179,43066,Teen Wolf Collection
180,43072,The Mask Collection
181,43220,National Lampoon’s Van Wilder Collection
182,43563,Friday Collection
183,44215,Stargate SG-1 Collection
184,44724,Don Collection
185,44913,Ghoulies Collection
186,44917,Swordsman Collection
187,44979,Big Momma's House Collection
188,45154,Darkman Collection
189,45355,Kevin Smith: Silent Bob Speaks!
190,46082,Ma and Pa Kettle Collection
191,46512,Missing in Action Collection
192,47629,Mr. Boogedy Collection
193,47630,The Falcon Series
194,47770,Phantasm Collection
195,47814,The Thin Man Collection
196,48188,Poison Ivy Collection
197,48194,Ator Collection
198,48317,The Man With No Name Collection
199,48655,Deathstalker Collection
200,50457,Sex and the City Collection
201,51509,Meet the Parents Collection
202,52749,The Butterfly Effect Collection
203,52760,Urban Legend
204,52783,Wall Street Collection
205,52785,xXx Collection
206,52789,Cruel Intentions Collection
207,52835,French Fried Vacation
208,52888,The Visitors Collection
209,52984,National Treasure Collection
210,52985,Wrong Turn Collection
211,52988,Hot Shots! Collection
212,53154,Inuyasha Collection
213,53159,The Santa Clause Collection
214,55419,Cinderella Collection
215,55422,Peter Pan Collection
216,55427,Fantasia Collection
217,55428,Curious George Collection
218,57129,Rugrats Collection
219,57971,The Rescuers Collection
220,58588,Infernal Affairs Collection
221,59007,Bionicle Collection
222,59235,Jesse Stone Collection
223,59567,Shanghai Noon Collection
224,59586,The Blue Lagoon collection
225,63043,TRON Collection
226,63170,Jönsson Gang
227,64748,Silent Hill Collection
228,64750,Blair Witch Collection
229,64751,Crank Collection
230,65249,Tarzan (Johnny Weissmuller series)
231,66761,Open Season Collection
232,68589,The Wixxer Trilogy
233,70068,Ip Man Collection
234,70764,Largo Winch Collection
235,72119,"Honey, I Shrunk the Kids Collection"
236,72547,Journey Collection
237,74083,Flodder Collection
238,74508,[REC] Collection
239,75014,How I Unleashed World War II
240,76291,Simon Brenner Collection
241,77816,Kung Fu Panda Collection
242,84785,La trilogie de la mort – Nacho Cerda
243,85473,The Human Condition
244,85817,Arthur and the Invisibles Collection
245,85861,Beverly Hills Cop Collection
246,85890,The Librarian Collection
247,85943,Night at the Museum Collection
248,85945,The Mesrine Collection
249,85946,District 13 Collection
250,86024,Legally Blonde Collection
251,86027,Aladdin Collection
252,86028,The Nutty Professor Collection
253,86029,Charlie's Angels Collection
254,86055,Men In Black Collection
255,86058,Dirty Dancing Collection
256,86066,Despicable Me Collection
257,86083,Grease Collection
258,86092,Step Up Collection
259,86105,American Psycho Collection
260,86110,Diary of a Wimpy Kid Collection
261,86112,Vacancy Collection
262,86113,Open Water Collection
263,86115,Garfield Collection
264,86116,Death Race Collection
265,86117,Johnny English Collection
266,86119,The Hangover Collection
267,86307,Cocoon Collection
268,86311,The Avengers Collection
269,86336,Basic Instinct Collection
270,86347,Short Circuit Collection
271,86414,Boston Blackie Series
272,86486,Spy Kids Collection
273,86553,Cold Prey Collection
274,86578,Hostel Collection
275,86668,Elektra Luxx Collection
276,86774,Che Collection
277,86780,Clash of the Titans Collection
278,86797,Arn collection
279,86860,Scooby-Doo Collection
280,87014,Cats & Dogs Collection
281,87096,Avatar Collection
282,87118,Cars Collection
283,87186,The Boondock Saints Collection
284,87220,Smokey and the Bandit Collection
285,87228,Swamp Thing Collection
286,87236,Mulan Collection
287,87250,Bambi Collection
288,87252,Halloweentown Collection
289,87253,High School Musical Collection
290,87255,Hoodwinked! Collection
291,87256,Beverly Hills Chihuahua Collection
292,87258,The Descent Collection
293,87359,Mission: Impossible Collection
294,87536,Warlock Collection
295,87800,Appleseed Collection
296,87805,The Gods Must Be Crazy Collection
297,88735,K-9 Collection
298,89137,How to Train Your Dragon Collection
299,89151,The Gremlins Collection
300,89188,Harry Palmer Collection
301,89264,Romancing the Stone Collection
302,89959,Mr. Moto Collection
303,90306,Ghost Rider Collection
304,90348,Witch Mountain Collection
305,90863,Rush Hour Collection
306,91361,Halloween Collection
307,91427,Agent Cody Banks Collection
308,91430,The Neverending Story Collection
309,91588,OSS 117 Collection
310,91657,Disney Buddies Collection
311,91660,30 Days of Night Collection
312,91663,Airplane Collection
313,91697,Battlestar Galactica (Reboot) Collection
314,91698,Chili Palmer Collection
315,91746,Bill & Ted's Most Excellent Collection
316,91799,Tremors Collection
317,91813,Angelique Collection
318,91945,American Ninja Collection
319,92012,Happy Feet Collection
320,92222,Breakin' Collection
321,93220,Miss Congeniality Collection
322,93287,Seventh Company Collection
323,93295,48 Hrs. Collection
324,93369,Ringu Collection
325,93568,Cross of Iron Collection
326,93788,Prep & Landing Collection
327,93791,Anchorman Collection
328,94032,The Lion King Collection
329,94039,Asterix and Obelix (Animation) Collection
330,94050,Lucky Luke (Animation) Collection
331,94589,Ong Bak Collection
332,94899,Jeepers Creepers Collection
333,95664,Deuce Bigalow Collection
334,95891,In China They Eat Dogs Collection
335,96472,Brother Bear Collection
336,96661,Afro Samurai Collection
337,96665,Dumb and Dumber Collection
338,96671,The Human Centipede Collection
339,96676,Never Back Down Collection
340,96677,Red Cliff Collection
341,96679,Road Trip Collection
342,96680,Smokin' Aces Collection
343,96850,Evangelion Collection
344,96871,Father of the Bride Collection
345,96887,Zatôichi: The Blind Swordsman
346,96937,The Boogeyman Collection
347,97156,Varg Veum Collection
348,97307,BloodRayne Collection
349,97445,Air Bud Collection
350,97456,The Hunchback of Notre Dame Collection
351,97459,The Jungle Book Collection
352,97460,Lady and the Tramp Collection
353,97461,Lilo & Stitch Collection
354,97462,Macross Frontier Collection
355,97771,Major League Collection
356,98036,Re-Animator Collection
357,98168,Fright Night Collection
358,98180,Jungle Jim Collection
359,98435,Patlabor Collection
360,98448,Thou Shalt Laugh Collection
361,98462,Fu Manchu Collection
362,98513,Behind Enemy Lines Collection
363,98580,Candyman Collection
364,98853,Cyborg Collection
365,99321,Gantz Collection
366,99635,A Better Tomorrow Collection
367,99727,Stuart Little Collection
368,100286,Elizabeth Collection
369,100415,Thumbs! Collection
370,100693,101 Dalmatians (Animated) Collection
371,100965,Atlantis Collection
372,100970,The Fox and the Hound Collection
373,101246,Azumi Collection
374,101385,Trailer Park Boys Collection
375,101471,Return of the Living Dead Collection
376,101688,Cannonball Run Collection
377,102008,Another Gay Movie Collection
378,102019,Death Note Collection
379,102128,Lone Wolf and Cub Collection
380,102322,Sherlock Holmes Collection
381,102452,Samurai Collection
382,102777,White Noise Collection
383,102782,House Collection
384,103001,Fantomas Collection
385,103190,The Female Prisoner Series
386,103372,Mr. Bean Collection
387,103573,Sister Act Collection
388,103577,The Whole Nine/Ten Yards Collection
389,104068,Tales of the Four Seasons
390,104202,Mr. Bones Collection
391,104716,Basket Case Collection
392,104830,Piranha 3D Collection
393,104833,Fletch Collection
394,104847,Caddyshack Collection
395,105075,The Shadow Collection
396,105324,Mirrors Collection
397,105625,House of 1000 Corpses Collection
398,105629,Paradise Lost Collection
399,105764,The Tall Blond Man Collection
400,105995,Anaconda Collection
401,106000,Beastmaster Collection
402,106011,Shadow Boxing Collection
403,106368,Quando le donne avevano la coda
404,106498,Dungeons & Dragons Collection
405,106768,Tarzan (Animation) Collection
406,106784,Love in the City Collection
407,106790,Hooked Collection
408,107461,Bummer Collection
409,107462,Osobennosti Natsionalnoy ... - Collection
410,107465,Six Degrees of Celebration Collection
411,107471,Yamakasi - Collection
412,107478,Lovey-Dovey Collection
413,107674,The Princess Diaries Collection
414,107688,3 Men Collection
415,107725,Creepshow Collection
416,107949,Puppet Master Collection
417,108043,Hamilton Collection
418,108125,The 36th Chamber of Shaolin Collection
419,108502,The Discworld Collection
420,108669,Get Smart Collection
421,108693,National Lampoon's Vacation Collection
422,108804,Outpost Collection
423,109044,Shadow Warriors
424,109076,Lost Boys Collection
425,109079,Saint Seiya Collection
426,109082,Left Behind Collection
427,109592,Porky's Collection
428,109608,Van Helsing Collection
429,109609,The Fly Collection
430,110021,The Magnificent Seven Collection
431,110041,Naked Fear Collection
432,110127,Analyze Collection
433,110177,Goal! Collection
434,111751,Texas Chainsaw Massacre Collection
435,112399,Under Siege Collection
436,112537,Sällskapsresorna
437,112636,The Blues Brothers Collection
438,113589,The Hire
439,113635,The Modesty Blaise Collection
440,114374,Fist of the North Star: The Legends of the True Savior
441,114431,The Incredible Hulk (TV Movie) Collection
442,114488,Moskva-Kassiopeya Collection
443,114783,Cheaper by the Dozen Collection
444,115142,Tales from the Crypt Collection
445,115164,Hornblower Collection
446,115225,Children of the Corn Collection
447,115570,Star Trek: The Next Generation Collection
448,115575,Star Trek: Alternate Reality Collection
449,115762,AVP Collection
450,115776,Robert Langdon Collection
451,115822,Dracula 2000 Collection
452,115838,Escape From ... Collection
453,115840,Would I Lie to You? Collection
454,116661,The Arrival Collection
455,116847,Dr. Phibes Collection
456,117354,Shin Chan Collection
457,117693,Balto Collection
458,117777,Undisputed Collection
459,117952,The Dentist Collection
460,118221,Weekend at Bernie's Collection
461,118415,Berserk: Golden Age Arc
462,118657,Annika Bengtzon Collection
463,118828,Space Chimps Collection
464,119050,Grumpy Old Men Collection
465,119581,Elite Squad Collection
466,119674,Psycho Collection
467,120417,The Elusive Revengers Collection
468,120447,Naval Cadets Collection
469,120794,Batman Collection
470,121195,9½ Weeks Collection
471,121938,The Hobbit Collection
472,122123,Three Heroes Collection
473,122489,Billa Collection
474,122661,Mardock Scramble Collection
475,122776,Kvartet I Collection
476,122778,Wodehouse P.G. Collection
477,122780,Параграф 78 - Дилогия
478,122922,In the Name of the King Collection
479,122945,The Legend Collection
480,122952,Vampire Hunter D Collection
481,123213,The Fly (1958 series)
482,123249,"Ilsa, She Wolf of the SS Collection"
483,123717,She Collection
484,123720,Frankenstein (Hammer Series)
485,123724,Dracula (Hammer Series)
486,123740,Vampire Karnstein (Hammer series)
487,123800,Before... Collection
488,123932,Quarantine Collection
489,124188,Pulse Collection
490,124426,New Kids Collection
491,124492,The Dirty Dozen Collection
492,124879,State Property Collection
493,124881,Street Kings Collection
494,124901,Hatchet Collection
495,124916,101 Dalmatians (Live-Action) Collection
496,124935,The Lawnmower Man Collection
497,124949,Almighty Collection
498,124950,American Graffiti Collection
499,124951,Mannequin Collection
500,125570,300 Collection
501,125574,The Amazing Spider-Man Collection
502,126125,The Expendables Collection
503,126166,The Delta Force Collection
504,126209,Halloween (Rob Zombie Series) Collection
505,126580,One Missed Call Collection
506,127280,The Three Mothers Collection
507,128123,Dark Rising Collection
508,129407,John Pinette Collection
509,129748,The Gruffalo Collection
510,130440,The Pink Panther (Steve Martin) Collection
511,131292,Iron Man Collection
512,131295,Captain America Collection
513,131296,Thor Collection
514,131635,The Hunger Games Collection
515,131989,Recep İvedik Serisi
516,131992,Eyyvah Eyvah Collection
517,132877,Painted Skin Collection
518,133297,Ants in the Pants Collection
519,133352,Resident Evil: Biohazard
520,133830,Star Wars: The Ewok Adventures Collection
521,133891,Confessions Collection
522,133923,Zombi Collection
523,134011,The Fugitive / U.S. Marshals Collection
524,134063,Animation Runner Kuromi (OAV collection)
525,134633,Snow Collection
526,134635,Santa Baby Collection
527,134897,The Smurfs (Theatrical) Collection
528,135014,Åsa-Nisse Collection
529,135179,Sin City Collection
530,135416,Prometheus Collection
531,135441,Road to Collection
532,135466,Grave Encounters Collection
533,135468,G.I. Joe (Live-Action) Collection
534,135483,Taken Collection
535,135489,Wishmaster Collection
536,135502,Allan Quatermain Collection
537,136214,Pocahontas Collection
538,136218,Night of the Demons Collection
539,137696,"Monsters, Inc. Collection"
540,137697,Finding Nemo Collection
541,137766,Zapped Collection
542,137913,The Hunters Collection
543,138908,2 Days In... Collection
544,138965,The Mummy (Hammer Series)
545,138971,The Slumber Party Massacre Collection
546,138974,The Sorority House Massacre Collection
547,139394,Tomie Collection
548,139450,Memories Collection
549,140059,We Were Here
550,140760,Final Fantasy Collection
551,140910,All Dogs Go to Heaven Collection
552,141084,Happily N'Ever After Collection
553,141086,Heavy Metal Collection
554,141252,Cardcaptor Sakura Collection
555,141290,The Lord of the Rings Animated Collection
556,141292,The Secret Of NIMH Collection
557,141448,Fuga de cerebros - Collection
558,141615,Niko - Coleccion
559,141649,Three Steps Above Heaven Collection
560,142015,Housefull Collection
561,142680,Alex Cross Collection
562,142717,The Cremaster Cycle
563,143302,Mobile Suit Gundam Collection
564,144146,Lemmy Caution Collection
565,144200,Swan Princess Series
566,144689,Honey Collection
567,145553,Slayers - Movie Collection
568,145784,The Philadelphia Experiment - Collezione
569,145901,Lupin the Third Collection
570,146136,Armour of God Collection
571,146532,The Storm Riders Collection
572,146534,Without a Paddle Collection
573,147207,Glass Tiger collection
574,147669,Das Sams Collection
575,148055,Camp Rock Collection
576,148065,Doraemon Collection
577,148517,"Pagnol, Childhood's Memories"
578,148603,Ducobu Collection
579,148614,Kim Possible Collection
580,149704,Alone in the Dark Collection
581,150156,City Slickers Collection
582,150954,My Friends Collection
583,150967,Benvenuti al... Collection
584,151263,WarGames Collection
585,151861,Lonesome Dove Collection
586,152544,Green Street Hooligans Collection
587,152918,Mister Blot Collection
588,153010,Beauty and the Beast Collection
589,153629,Flower & Snake Collection
590,153636,Flower and Snake Collection
591,153948,Best of the Best Collection
592,154002,Easy Money Collection
593,154752,Legend of the Galactic Heroes Collection
594,155474,French Connection Collection
595,156240,The Heroic Trio Collection
596,157504,Walking Tall Original Collection
597,157671,The Decline of Western Civilization Collection
598,158391,The Apu Collection
599,158643,Laid to Rest Collection
600,158814,Karlson Collection
601,159340,Bang Rajan Collection
602,159603,Kidulthood Collection
603,159616,East is East Collection
604,160468,The Frogtown Collection
605,160792,Prudence et Bélisaire Beresford Collection
606,160952,Caméra Café
607,161766,Gamera Films
608,162782,Mommies Collection
609,163902,RED Collection
610,164394,If These Walls Could Talk Collection
611,164395,The Messengers Collection
612,165131,Dreileben
613,165369,The Collector Collection
614,165679,Girl's on Top Collection
615,165855,Kleines Arschloch Collection
616,166018,M.D. Geist Collection
617,166373,The Marine Collection
618,166376,Hollow Man Collection
619,166378,Joy Ride Collection
620,166379,Turbulence Collection
621,166381,Atlas Shrugged Collection
622,166698,Westworld Collection
623,166844,Sammy's Adventure Collection
624,167552,Lemon Popsicle Collection
625,167613,Alvin and the Chipmunks Collection
626,167691,Trilogy of Life
627,168182,Philo & Clyde Collection
628,168880,Beethoven Collection
629,169452,DragonHeart Collection
630,169740,The Haunting in Connecticut Collection
631,170416,God of Gamblers Collection
632,170452,Timecop Collection
633,170754,Arthur Collection
634,171439,F/X Collection
635,173344,Qatsi Collection
636,173710,Planet of the Apes (Reboot) Collection
637,174218,The Howling Collection
638,174245,Alien Nation Collection
639,174386,Into the Blue Collection
640,175763,TekWar Collection
641,176097,Barbershop Collection
642,176118,The Are We Collection
643,177467,Cloudy with a Chance of Meatballs Collection
644,177675,The Last Exorcism Collection
645,178106,Darko Collection
646,178117,The Emperor's New Groove Collection
647,178654,White Fang Collection
648,179042,Anja & Viktor Collection
649,179244,Pee-wee's Collection
650,179892,Kick-Ass Collection
651,179919,Percy Jackson Collection
652,180019,V: The Collection
653,180498,Krummerne (Samling)
654,180546,Grown Ups Collection
655,180854,Problem Child Collection
656,181502,Screwballs Collection
657,182371,Armitage III Collection
658,182617,Elvira Collection
659,182813,Clerks Collection
660,182923,Tetsuo Collection
661,183680,OSS 117 The Original Saga
662,184977,Shaolin Temple Collection
663,185103,Hotel Transylvania Collection
664,185627,Umizaru Collection
665,185667,The Complete Monterey Pop Festival
666,185682,The Adventures of Antoine Doinel
667,187089,Emil i Lönneberga
668,187734,La Classe Américaine & Cie
669,188133,Les Charlots - Saga
670,188138,Il Maresciallo Giraldi Collection
671,188197,Cetto La Qualunque - Collezione
672,188202,"Pane, amore e… - Collezione"
673,188458,Trilogy of Terror Collection
674,188577,Tognazzi & Vianello Collection
675,190135,Love Hina Collection
676,190435,Street Fighter Collection
677,192167,The Bride with White Hair Collection
678,192174,Crows Collection
679,192492,The Jack Ryan Collection
680,192974,White Crane Chronicles
681,195071,Adventures of Mowgli
682,195646,Galaxy Express 999 Collection
683,196753,Ghost in the Shell: Arise
684,197065,DMB Collection
685,197476,Captain America 1979 Classic Collection
686,198697,Immaturi Collection
687,198987,Winnie-the-Pooh (Russian)
688,199141,Tenchi Muyô Collection
689,200641,Red Lotus Collection
690,201548,The One-Armed Swordsman Collection
691,201576,The Cabin Fever Collection
692,201689,Karas The Collection
693,201778,Dorm Daze Collection
694,201873,A Christmas Story Collection
695,201930,Blacula Collection
696,203910,Pusher Collection
697,205029,The Reef Collection
698,205145,Gor Collection
699,206449,Jungledyret Hugo Collection
700,206559,StreetDance Collection
701,207415,Fatal Fury Collection
702,207447,Firestarter Collection
703,207621,V/H/S Collection
704,209131,Man of Steel Collection
705,209739,MacGyver (TV Movies) Collection
706,210006,Machete Collection
707,210303,Rebuild of Evangelion
708,211721,Taxi Collection
709,211753,Caprona Collection
710,212166,Puella Magi Madoka Magica: The Movie
711,212525,Trinità  Collection
712,212562,Jump Street Collection
713,213697,Sex is Zero Collection
714,214702,Mi Nismo Anđeli Collection
715,215452,Kokowääh Filmreihe
716,215456,Keinohrhasen Filmreihe
717,215606,Seven Dwarfs Collection
718,216435,All for ...
719,217704,The Vampire Chronicles
720,218406,Frankenstein (Universal Series)
721,219363,Prostokvashino Collection
722,219691,I Spit on Your Grave Collection
723,220448,Mr. Wong Collection
724,220872,Men in the City Collection
725,221111,S.W.A.T. Collection
726,221537,Creature From The Black Lagoon (Universal Series)
727,221539,Dracula (Universal Series)
728,221544,The Mummy (Universal Series)
729,221622,12 Rounds Collection
730,221966,The Odd Couple Collection
731,222634,Tooth Fairy Collection
732,222639,Detective Dee Collection
733,223564,The Cell Collection
734,223926,"Impy, the small dinosaur Collection"
735,224026,Monster High Collection
736,225961,Birdemic Collection
737,227140,Black Emanuelle Collection
738,227147,Tokyo Decadence series
739,228335,Rakht Charitra
740,228446,Insidious Collection
741,228887,Daddy Day Camp Collection
742,229932,Rio Collection
743,230161,Fright Night (Reboot) Collection
744,230532,Marley & Me Collection
745,232403,Otto Collection
746,232844,Nim's Island Collection
747,237445,Inspector Gadget Collection
748,238448,Les Ripoux - Trilogie
749,239430,Think Like a Man Collection
750,239766,The Klapisch Trilogy
751,240156,Sami Swoi Collection
752,241729,Alpha and Omega Collection
753,242587,Rudolph the Red-Nosed Reindeer Collection
754,244242,Ninja Collection
755,244500,Gangs of Wasseypur Collection
756,245129,Pumping Iron Collection
757,245321,K3 Collectie
758,245326,The Fjällbacka Murders
759,246091,Krrish Collection
760,246839,Center Stage Collection
761,247028,Rurouni Kenshin Live-Action Collection
762,247294,Showgirls Collection
763,248126,Splash Collection
764,248339,House on Haunted Hill Collection
765,248534,Batman: The Dark Knight Returns Collection
766,251383,The Gamers Collection
767,251858,Brancaleone Collection
768,251937,A Haunted House Collection
769,251970,The Protector Collection
770,252313,The Endless Summer Collection
771,254636,Maniac Cop Collection
772,256287,Justice League (Animated) Collection
773,256296,"Silent Night, Deadly Night Collection"
774,256322,The Purge Collection
775,256377,The Muppet Collection
776,256484,Carnosaur Collection
777,256548,Father of Four Collection
778,256953,The Comics Collection
779,257053,Carrie Collection
780,257960,The Raid Collection
781,258372,Ivan Tsarevich & the Grey Wolf Collection
782,258506,Short Peace
783,258664,Nymphomaniac Collection
784,259027,The Wolf Man (Universal Series)
785,259256,Race Collection
786,259398,Teenage Apocalypse Trilogy
787,259401,The Invisible Man (Universal Series)
788,260586,Le Cœur des Hommes
789,260601,The Worricker Collection
790,261057,I Am Curious Collection
791,261203,Street Fighter
792,261286,Bad Ass Collection
793,261307,Alice in Wonderland Collection
794,261382,Clint Eastwood's Iwo Jima Collection
795,261526,Slap Shot Collection
796,261590,Living Dead Collection
797,263101,Sailor Moon Collection
798,263106,Twitches Collection
799,263193,Charlotte's Web Collection
800,264335,The Eye Collection
801,264338,Rosemary's Baby Collection
802,264339,The Hamiltons Collection
803,265709,00 Schneider Filmreihe
804,265782,The Desert Collection
805,266672,Ted Collection
806,266731,Cat Stevens y Hutch Bessy Trilogy
807,266846,Corto Maltese
808,267551,Aniskin Collection
809,267922,The Hills Have Eyes (Original) Collection
810,268098,Wolf Creek Collection
811,269098,Police Story Collection
812,270252,Planes Collection
813,272416,Lauras Stern
814,272673,Cat People Collection
815,273099,Olsen Banden (Samling)
816,275402,SpongeBob Collection
817,277739,"Heaven, Hell and Purgatory Collection"
818,277798,Isi/Disi Collection
819,278467,Trilogía de la violencia de Michael Haneke
820,278920,Vampires Suck Collection
821,279244,Family Guy Presents Collection
822,279836,Herr Lehmann Filmreihe
823,279959,The Inbetweeners Collection
824,280504,Mechanic Collection
825,280562,The Guyver Collection
826,280588,Horrible Bosses Collection
827,281097,Philo Vance Collection
828,282246,Mickey's Upon a Christmas Collection
829,283579,Divergent Collection
830,284024,The Exterminator Collection
831,284111,Barbarian Queen Collection
832,284346,Nana Collection
833,284433,Guardians of the Galaxy Collection
834,284700,Ivan Brovkin Collection
835,285428,The Cutlass Collection
836,285564,Jarhead Collection
837,286006,Rest Stop Collection
838,286023,Sharknado Collection
839,286038,Dead Snow Collection
840,286162,Power Rangers Collection
841,286177,Footsoldier Collection
842,286904,Ultimate Avengers Collection
843,286935,Silence of God Trilogy by Ingmar Bergman
844,286936,Cyborg 009 Collection
845,288491,Dolphin Tale Collection
846,288882,Bloodfight
847,289288,Per Fly trilogien (Samling)
848,290933,Superman / Batman (Animated) Collection
849,290973,"Crouching Tiger, Hidden Dragon Collection"
850,292068,The Pact Collection
851,293196,Big Man Collection
852,293981,Flowers in the Attic Collection
853,294172,Tekken Collection
854,294187,Born To Race Collection
855,294226,The Dead Collection
856,294468,Flubber Collection
857,295130,The Maze Runner Collection
858,295274,The Crossing Collection
859,295777,Korengal Valley Documentaries
860,295852,Extralarge Collection
861,295862,The BRD Collection
862,297501,Dixie Zombi - Colección
863,297923,We're the Millers Collection
864,298187,Lezioni di Cioccolato Collection
865,298778,1920 Collection
866,298820,American Pie (Spin-off) Collection
867,299748,Walking Tall Collection
868,300431,Lucky Stars Collection
869,303872,Little Nicholas Collection
870,304025,Gwendolyn Shepherd Collection
871,304378,Independence Day Collection
872,304809,Schoolgirl Report Collection
873,306031,Pitch Perfect Collection
874,306063,Saints and Soldiers Collection
875,306882,Thunderbirds (Animation) Collection
876,306926,Monsters Collection
877,306937,Best Exotic Marigold Hotel Collection
878,307637,Jingle All the Way Collection
879,308465,The Emigrants Collection
880,308645,The Foreigner Collection
881,309259,Naked Collection
882,313086,The Conjuring Collection
883,313234,Warriors of the Rainbow: The Seediq Bale Saga
884,313576,Hot Tub Time Machine Collection
885,315560,The Woman in Black Collection
886,315595,Tinker Bell Collection
887,315609,Mörderischer Norden
888,315944,Wallander (Rolf Lassgård)
889,319850,Department Q series
890,325470,The Lego Movie Collection
891,325798,Star Crash Collection
892,328073,Síť (kolekce)
893,328247,Magic Mike Collection
894,328372,Mall Cop Collection
895,330075,Little Witch Academia Collection
896,330524,Six Swedes Collection
897,330555,Ernest Collection
898,330892,Sides of the Bed
899,331841,Babysitting
900,332357,The Dukes Of Hazzard Collection
901,334356,The Man with the Iron Fists Collection
902,334414,Ostwind Filmreihe
903,334486,Detective K Collection
904,334996,Son of Batman Collection
905,338416,Kirikou
906,339577,Grindhouse Collection
907,340623,The Gate Collection
908,340633,Eberhofer Krimi Collection
909,342577,Till Luck Do Us Part Collection
910,343297,My Little Pony: Equestria Girls Collection
911,344555,"F*ck You, Goethe Collection"
912,344830,Fifty Shades Collection
913,344936,Unna Trilogie
914,347469,Antboy Collection
915,348843,Vampires Collection
916,349336,Macskafogó gyűjtemény
917,349889,Robot Jox Collection
918,350309,Bahubali Collection
919,351684,The Flintstones (Live-Action) Collection
920,351721,The Sheriff and the Satellite Kid Collection
921,352020,ДухLess (Коллекция)
922,352789,Zoolander Collection
923,353325,Joe Dirt Collection
924,353792,Garage Sale Mystery Collection
925,354210,Born Free Trilogy
926,355490,Freeway Collection
927,356688,Batman Unlimited Collection
928,357173,Sinister Collection
929,359005,The Jake Gittes Collection
930,360342,Tarzan (Lex Barker series)
931,360344,Tarzan (Gordon Scott series)
932,361140,House of Angels Collection
933,363015,Frosty the Snowman Collection
934,363092,Mythica Collection
935,363369,Pacific Rim Collection
936,364342,Gourmet Detective Collection
937,366826,Navarone Collection
938,369380,If I Were You Collection
939,370374,Sharktopus Collection
940,370411,Attack on Titan Collection
941,372479,Les Boys
942,373538,Enter the Ninja Collection
943,374202,Kizumonogatari
944,374384,Stepford Collection
945,374386,Anglo-Zulu War Collection
946,374509,Godzilla (Showa) Collection
947,374511,Godzilla (Heisei) Collection
948,374512,Godzilla (Millennium) Collection
949,374930,Snow Queen Collection
950,376527,Richard the Lionheart Collection
951,376650,Ride Along Collection
952,376970,Cocaine Cowboys
953,377491,Les Profs
954,378025,Die Fritz Lang Indien-Edition
955,379897,Hayride Collection
956,379920,Deadly Prey Collection
957,380006,Mondo Cane Collection
958,382402,Assassination Classroom Collection
959,382685,Now You See Me Collection
960,385386,Parasyte Collection
961,385528,Outrage Collection
962,385863,F.C. De Kampioenen Collectie
963,386162,LEGO DC Comics Super Heroes Collection
964,386382,Frozen Collection
965,386410,Dragon Ball Collection
966,386491,The Adventures of Mickey Matson Collection
967,386534,... Has Fallen Collection
968,386549,"Fat, Sick & Nearly Dead"
969,386818,Django - Original films
970,387618,8MM Collection
971,389544,Les Tuche
972,389767,My Big Fat Greek Wedding Collection
973,390096,Hitman Collection
974,390774,The Krays Collection
975,391040,Gone in 60 Seconds Trilogy
976,391047,On Any Sunday Collection
977,391739,Cirque du Soleil Collection
978,391860,Kingsman Collection
979,392206,The Monkey King Collection
980,393126,Letters to Santa Collection
981,393379,The Huntsman Collection
982,393744,Горько! (Коллекция)
983,394204,The Snowman Collection
984,397444,Kindergarten Cop Collection
985,397842,The Amityville Horror Collection
986,400412,Northpole
987,400500,Чебурашка и крокодил Гена
988,400700,Neighbors Collection
989,401119,Flower Shop Mystery Collection
990,401261,Hate Story Collection
991,401562,Teenage Mutant Ninja Turtles (Remake) Collection
992,401655,Welcome Collection
993,402074,Annabelle Collection
994,402457,The Durango Kid
995,403161,Miles Jupp Standup Collection
996,403374,Jack Reacher Collection
997,403603,La Tour Infernale
998,404111,100 Girls Collection
999,404136,Hopalong Cassidy films
1000,404302,Cold War Collection
1001,404609,John Wick Collection
1002,404825,Wreck-It Ralph Collection
1003,405256,Dolemite Collection
1004,405393,The Black Stallion Collection
1005,407273,Dead Rising Collection
1006,408196,Teen Beach Collection
1007,409026,Nobody Collection
1008,409138,Yossi Collection
1009,409343,God's Not Dead Collection
1010,410261,A Goofy Movie Collection
1011,412680,Hard Target Collection
1012,412736,Rare Exports Collection
1013,415931,The Bowery Boys
1014,416491,Major Korenev Trilogy
1015,417064,If You Are the One (Collection)
1016,418326,"Signed, Sealed, Delivered"
1017,421084,Disneys Große Pause
1018,421566,Totò Collection
1019,421904,Batman (DC Universe Animated) Collection
1020,422361,Barbie A Mermaid Tale Collection
1021,422834,Ant-Man Collection
1022,422837,Blade Runner Collection
1023,423173,Bad Santa Collection
1024,424202,Trainspotting Collection
1025,424842,Maigret (Rowan Atkinson) Collection
1026,425164,Dragon Ball Z (Movie) Collection
1027,425175,Texas Chainsaw (Reboot) Collection
1028,425189,Dragon Ball Z OVA Collection
1029,426103,Ouija Collection
1030,426985,Ivan The Terrible Collection
1031,427113,Little Bear
1032,427397,The Angrez Collection
1033,429826,The Hobgoblin Collection
1034,430186,Bring It On Collection
1035,433061,Fred Collection
1036,434533,Death Race Original Collection
1037,435108,Whistling Collection
1038,435259,Fantastic Beasts Collection
1039,435347,男はつらいよ シリーズ
1040,436295,Surf's Up Collection
1041,436483,Bad Kids Collection
1042,437439,Phobia Collection
1043,437451,Cinderella Story Collection
1044,437608,Papa ou Maman Collection
1045,438087,Topper Collection
1046,438282,Cross Collection
1047,439053,Brooklyn Cigar Store Collection
1048,439596,Lavalantula Collection
1049,440769,Minions: 3 Mini-Movie Collection
1050,441179,Chaar Sahibzaade Collection
1051,441439,Alienation Trilogy
1052,442195,All Hallow's Eve Collection
1053,442338,"Rico, Oskar 1, 2 & 3"
1054,442352,Brice Collection
1055,443996,Ghost in the Shell: Stand Alone Complex
1056,444485,Death Note Relight
1057,445118,Mark Collection
1058,446015,Golgo 13 Collection
1059,446782,The Disappearance Of Eleanor Rigby
1060,448150,Deadpool Collection
1061,449462,Super Troopers Collection
1062,449530,Mystery Woman
1063,452146,Old Way Collection
1064,452942,Megazone 23 Collection
1065,453993,The Wolverine Collection
1066,454520,Captain Harlock Collection
1067,456576,Journey to the West Collection
1068,456778,Max (Collection)
1069,456980,The Paleface Collection
1070,458017,Tom and Jerry Collection
1071,461937,"Sarah, Plain and Tall Collection"
1072,462565,The Secret Garden Collection
1073,463959,Tangled Collection
1074,464125,Dragon Nest Collection
1075,464784,The Water of the Hills
1076,466318,Bachelor Party Collection
1077,466388,Düğün Dernek Collection
1078,467577,Evil Bong Collection
1079,468222,The Incredibles Collection
1080,468552,Wonder Woman Collection
1081,469648,Santas Paw
1082,471435,Wolf Warriors Collection
1083,473185,Dead in Tombstone Collection
1084,473502,NASU Collection
1085,473840,Little Forest Collection
1086,473843,Stake Land Collection
1087,473845,Midnight Diner Collection
1088,473847,The War of Flower Collection
1089,473850,My Sassy Girl Collection
1090,473977,Çalgı Çengi Collection
1091,473983,Hababam Sınıfı Collection
1092,474012,Kocan Kadar Konuş Serisi
1093,474013,Kolpaçino Serisi
1094,474015,Mandıra Filozofu Serisi
1095,474022,Şevkat Yerimdar Serisi
1096,476054,The Hitcher (1986) Collection
1097,476056,Fritz the Cat Collection
1098,476063,Guinea Pig Collection
1099,476065,What the Bleep! Collection
1100,476066,Begotten Collection
1101,476071,The Devil's Carnival Collection
1102,478442,Lammbock Collection
1103,478628,Sherlock Holmes (1939 series)
1104,478947,Psy Collection
1105,479549,Joséphine - Saga
1106,479888,The Thing Collection
1107,480071,"Maria, ihm schmeckt's nicht!"
